Workbook

Sheet 知识点
B1: 课程知识点（更多Office课程，前往公众号：芒种学院）
B2: 课外拓展 | F2: 练习提交方式
B3: 1，相对/绝对/混合引用课外参考资料 | F3: 参加训练营，查看群公告，将【练习】完成后发送到助理老师的邮箱，右键命名格式：微信名+课程节数。 例如：指北针+2.1
B4: 2，SUM/SUMIF/SUMIFS课外扩展资料
B7: 序号 | C7: 知识点 | D7: 参数 | E7: 操作说明 | F7: 简介 | G7: 注意事项
B8: 1 | C8: 引用 | D8: / | E8: 引用类别： 1，最基础引用=A1 2，跨Sheet表引用=Sheet名!A1，如：=案例1!A1 3，跨文件引用=[文件名]Sheet名!$A1，如：=[工作簿1]Sheet1!$D$12 | F8: 在公式中怎么引用单元格 | G8: 跨文件引用中，文件如果被打开，只显示文件名，如果文件被关闭，则显示文件完整路径
B9: 2 | C9: SUM | D9: SUM(数字1，数字2，…) | E9: / | F9: Excel最简单函数，功能为求和 | G9: 参数可以多个，可以为单元格引用，也可以为具体数值
B10: 3 | C10: SUMIF/SUMIFS | D10: SUMIF(条件区域，求和条件，求和区域） SUMIFS(求和区域，条件1区域，条件1，条件2区域，条件2，…) | E10: / | F10: Excel中的条件求和函数（单多） | G10: SUMIF函数的条件参数默认为等于状态。 需要使用不等于、大于、小于、大于等于以及小于等于的时候，可以使用连接符号“&"进行拼接
B11: 4 | C11: ROUND | D11: ROUND(数据，小数位数) | E11: / | F11: 四舍五入函数 | G11: 参数必须为单一的，不能是区域
B12: 5 | C12: MOD | D12: MOD(被除数，除数) | E12: / | F12: 取余数函数 | G12: /
B13: 6 | C13: INT | D13: INT(待切割的数字) | E13: / | F13: 将数值进行取整（向下） | G13: /
E18: =ROUNT -> #NAME?

Sheet 案例1
A1: 引用 | D1: 销售汇总表 | I1: 销售汇总表 | N1: 费用明细表 | R1: 求余数 | V1: 保留小数点 | Y1: 去除小数点
A2: P2 | B2: =P2 -> 单位：元 | D2: 编制单位：芒种学院 | F2: 单位：万元 | I2: 编制单位：芒种学院 | K2: 单位：万元 | N2: 编制单位：芒种学院 | O2: 43466 | P2: 单位：元 | R2: 被除数 | S2: 除数 | T2: 余数 | V2: 原始数据 | W2: 3位小数 | Y2: 原始数据 | Z2: ROUND方法 | AA2: INT方法
A3: 练习1中的P2 | B3: =练习1!P2 -> 单位：元 | D3: 客户 | E3: 区域 | F3: 2017销售额 | G3: 2018销售额 | I3: 客户 | J3: 大区 | K3: 年度 | L3: 销售额 | N3: 部门 | O3: 费用类别 | P3: 金额 | R3: 210 | S3: 1 | T3: =MOD(R3,S3) -> 0 | V3: 859.64084 | W3: =ROUND(V3,3) -> 859.641 | Y3: 859.64084 | Z3: =ROUND(Y3,0) -> 860 | AA3: =INT(Y3) -> 859
A4: 辅助.xlsx中Sheet1中的P2 | B4: =[1]Sheet1!$P$2 -> 芒种学院/Office | D4: 广东A公司 | E4: 南区 | F4: 268 | G4: 119 | I4: 广东A公司 | J4: 南区 | K4: 2017 | L4: 268 | N4: 市场部 | O4: 业务招待费 | P4: 7140 | R4: 169 | S4: 7 | T4: =MOD(R4,S4) -> 1 | V4: 914.09839 | W4: =ROUND(V4,3) -> 914.098 | Y4: 914.09839 | Z4: =ROUND(Y4,0) -> 914 | AA4: =INT(Y4) -> 914
D5: 广东B公司 | E5: 南区 | F5: 265 | G5: 217 | K5: 2018 | L5: 119 | N5: 技术部 | O5: 服务器报销 | P5: 4099 | R5: 386 | S5: 2 | T5: =MOD(R5,S5) -> 0 | V5: 590.80543 | W5: =ROUND(V5,3) -> 590.805 | Y5: 590.80543 | Z5: =ROUND(Y5,0) -> 591 | AA5: =INT(Y5) -> 590
D6: 北京C公司 | E6: 北区 | F6: 182 | G6: 206 | I6: 广东B公司 | J6: 南区 | K6: 2017 | L6: 265 | N6: 市场部 | O6: 办公费 | P6: 2793 | R6: 911 | S6: 7 | T6: =MOD(R6,S6) -> 1 | V6: 5.520859 | W6: =ROUND(V6,3) -> 5.521 | Y6: 5.520859 | Z6: =ROUND(Y6,0) -> 6 | AA6: =INT(Y6) -> 5
D7: 北京D公司 | E7: 北区 | F7: 97 | G7: 214 | K7: 2018 | L7: 217 | N7: 财务部 | O7: 差旅费 | P7: 1987 | R7: 905 | S7: 9 | T7: =MOD(R7,S7) -> 5 | V7: 952.61668 | W7: =ROUND(V7,3) -> 952.617 | Y7: 952.61668 | Z7: =ROUND(Y7,0) -> 953 | AA7: =INT(Y7) -> 952
D8: 天津E公司 | E8: 北区 | F8: 237 | G8: 233 | I8: 北京C公司 | J8: 北区 | K8: 2017 | L8: 182 | N8: 营销部 | O8: 办公费 | P8: 3132 | R8: 980 | S8: 2 | T8: =MOD(R8,S8) -> 0 | V8: 859.05474 | W8: =ROUND(V8,3) -> 859.055 | Y8: 859.05474 | Z8: =ROUND(Y8,0) -> 859 | AA8: =INT(Y8) -> 859
D9: 重庆F公司 | E9: 南区 | F9: 121 | G9: 68 | K9: 2018 | L9: 206 | N9: 营销部 | O9: 业务招待费 | P9: 6045 | R9: 352 | S9: 4 | T9: =MOD(R9,S9) -> 0 | V9: 124.08618 | W9: =ROUND(V9,3) -> 124.086 | Y9: 124.08618 | Z9: =ROUND(Y9,0) -> 124 | AA9: =INT(Y9) -> 124
D10: 成都G公司 | E10: 南区 | F10: 105 | G10: 151 | I10: 北京D公司 | J10: 北区 | K10: 2017 | L10: 97 | N10: 市场部 | O10: 业务招待费 | P10: 9870 | R10: 593 | S10: 8 | T10: =MOD(R10,S10) -> 1 | V10: 921.91823 | W10: =ROUND(V10,3) -> 921.918 | Y10: 921.91823 | Z10: =ROUND(Y10,0) -> 922 | AA10: =INT(Y10) -> 921
D11: 贵阳H公司 | E11: 南区 | F11: 191 | G11: 226 | K11: 2018 | L11: 214 | N11: 测试部 | O11: 采购电脑 | P11: 7985 | R11: 526 | S11: 7 | T11: =MOD(R11,S11) -> 1 | V11: 313.70292 | W11: =ROUND(V11,3) -> 313.703 | Y11: 313.70292 | Z11: =ROUND(Y11,0) -> 314 | AA11: =INT(Y11) -> 313
D12: 合计 | F12: =SUM(F4:F11) -> 1466 | G12: =SUM(G4:G11) -> 1434 | I12: 天津E公司 | J12: 北区 | K12: 2017 | L12: 237 | N12: 合计 | R12: 306 | S12: 4 | T12: =MOD(R12,S12) -> 2 | V12: 744.01886 | W12: =ROUND(V12,3) -> 744.019 | Y12: 744.01886 | Z12: =ROUND(Y12,0) -> 744 | AA12: =INT(Y12) -> 744
D13: 北区合计 | F13: =SUMIF(案例1!$E$4:$E$11,"北区",案例1!F4:F11) -> 516 | G13: =SUMIF(案例1!$E$4:$E$11,"北区",案例1!G4:G11) -> 653 | K13: 2018 | L13: 233 | N13: 市场部业务招待费 | P13: =SUMIFS(P4:P11,N4:N11,"市场部",O4:O11,"业务招待费") -> 17010 | R13: 832 | S13: 2 | T13: =MOD(R13,S13) -> 0 | V13: 520.63045 | W13: =ROUND(V13,3) -> 520.63 | Y13: 520.63045 | Z13: =ROUND(Y13,0) -> 521 | AA13: =INT(Y13) -> 520
D14: 南区合计 | F14: =SUMIF(案例1!$E$4:$E$11,"南区",案例1!F4:F11) -> 950 | G14: =SUMIF(案例1!$E$4:$E$11,"南区",案例1!G4:G11) -> 781 | I14: 重庆F公司 | J14: 南区 | K14: 2017 | L14: 121
D15: 广东公司合计 | F15: =SUMIF($D$4:$D$11,"广东*",F4:F11) -> 533 | G15: =SUMIF($D$4:$D$11,"广东*",G4:G11) -> 336 | K15: 2018 | L15: 68
I16: 成都G公司 | J16: 南区 | K16: 2017 | L16: 105
K17: 2018 | L17: 151
I18: 贵阳H公司 | J18: 南区 | K18: 2017 | L18: 191
K19: 2018 | L19: 226
I20: 南区2018年度销售额合计 | L20: =SUMIF(J4:J19,"南区",L5) -> 781

Sheet 练习1
A1: 引用 | D1: 销售汇总表 | I1: 销售汇总表 | N1: 费用明细表 | R1: 求余数 | W1: 保留小数点 | Z1: 去除小数点
A2: P2 | D2: 编制单位：芒种学院 | F2: 单位：万元 | I2: 编制单位：芒种学院 | K2: 单位：万元 | N2: 编制单位：芒种学院 | O2: 43466 | P2: 单位：元 | R2: 被除数 | S2: 除数 | T2: 商 | U2: 余数 | W2: 原始数据 | X2: 3位小数 | Z2: 原始数据 | AA2: ROUND方法 | AB2: INT方法
A3: 案例1中的P2 | D3: 客户 | E3: 区域 | F3: 2017销售额 | G3: 2018销售额 | I3: 客户 | J3: 大区 | K3: 年度 | L3: 销售额 | N3: 部门 | O3: 费用类别 | P3: 金额 | R3: 48 | S3: 1 | W3: 535.3101 | Z3: 535.3101
A4: 辅助.xlsx中Sheet1中的P2 | D4: 广东A公司 | E4: 南区 | F4: 268 | G4: 119 | I4: 广东A公司 | J4: 南区 | K4: 2017 | L4: 268 | N4: 市场部 | O4: 业务招待费 | P4: 455 | R4: 680 | S4: 7 | W4: 622.83456 | Z4: 622.83456
D5: 广东B公司 | E5: 南区 | F5: 265 | G5: 217 | K5: 2018 | L5: 119 | N5: 技术部 | O5: 服务器报销 | P5: 954 | R5: 428 | S5: 2 | W5: 73.068214 | Z5: 73.068214
A6: 知识点总结 | D6: 北京C公司 | E6: 北区 | F6: 182 | G6: 206 | I6: 广东B公司 | J6: 南区 | K6: 2017 | L6: 265 | N6: 市场部 | O6: 办公费 | P6: 321 | R6: 298 | S6: 7 | W6: 467.53646 | Z6: 467.53646
A7: 这里需要： 1，总结学习的知识点； 2，作业里有哪些错误你注意到了没有； 3，有哪些常用数学函数你会使用错误的； | D7: 北京D公司 | E7: 北区 | F7: 97 | G7: 214 | K7: 2018 | L7: 217 | N7: 财务部 | O7: 差旅费 | P7: 293 | R7: 809 | S7: 9 | W7: 687.07085 | Z7: 687.07085
D8: 天津E公司 | E8: 北区 | F8: 237 | G8: 233 | I8: 北京C公司 | J8: 北区 | K8: 2017 | L8: 182 | N8: 营销部 | O8: 办公费 | P8: 577 | R8: 989 | S8: 0 | W8: 417.46583 | Z8: 417.46583
D9: 重庆F公司 | E9: 南区 | F9: 121 | G9: 68 | K9: 2018 | L9: 206 | N9: 营销部 | O9: 业务招待费 | P9: 223 | R9: 943 | S9: 4 | W9: 153.02354 | Z9: 153.02354
D10: 成都G公司 | E10: 南区 | F10: 105 | G10: 151 | I10: 北京D公司 | J10: 北区 | K10: 2017 | L10: 97 | N10: 市场部 | O10: 业务招待费 | P10: 220 | R10: 320 | S10: 8 | W10: 765.9365 | Z10: 765.9365
D11: 贵阳H公司 | E11: 南区 | F11: 191 | G11: 226 | K11: 2018 | L11: 214 | N11: 测试部 | O11: 采购电脑 | P11: 528 | R11: 866 | S11: 7 | W11: 162.6954 | Z11: 162.6954
D12: 合计 | I12: 天津E公司 | J12: 北区 | K12: 2017 | L12: 237 | N12: 合计 | R12: 304 | S12: 4 | W12: 621.11765 | Z12: 621.11765
D13: 北区超过100万元的合计 | K13: 2018 | L13: 233 | N13: 市场部和营销部的业务招待费 | R13: 890 | S13: 2 | W13: 477.47097 | Z13: 477.47097
D14: 南区合计 | I14: 重庆F公司 | J14: 南区 | K14: 2017 | L14: 121
D15: 广东+天津公司合计 | K15: 2018 | L15: 68
I16: 成都G公司 | J16: 南区 | K16: 2017 | L16: 105
D17: 助理老师邮箱：mongjoy@163.com | K17: 2018 | L17: 151
I18: 贵阳H公司 | J18: 南区 | K18: 2017 | L18: 191
K19: 2018 | L19: 226
I20: 南区2018年度销售额合计
